index,predicted
0,3
1,8
2,8
4,6
5,6
6,1
9,1
10,0
13,7
14,9
15,8
16,5
18,8
20,7
21,0
23,9
26,4
28,9
29,6
32,4
34,9
37,1
38,9
39,5
41,6
43,6
44,0
45,9
46,3
50,9
51,8
53,3
54,8
55,8
62,6
64,6
66,1
71,6
72,8
73,8
76,9
78,3
79,8
80,8
82,1
84,2
88,8
89,9
90,0
92,8
93,6
94,4
96,6
98,0
99,7
102,6
103,3
104,1
105,1
107,6
108,8
113,2
115,3
116,0
118,2
120,8
122,1
123,2
124,8
126,8
129,2
133,9
136,9
137,7
141,5
142,6
144,8
145,7
146,6
148,5
150,8
151,9
152,6
153,0
154,0
156,2
157,9
159,4
161,1
163,6
166,8
169,0
170,9
173,8
174,9
175,9
183,2
185,8
186,6
187,3
193,1
196,8
199,8
202,8
203,7
204,1
208,7
217,9
220,7
221,6
222,9
224,3
225,9
230,5
231,1
232,5
234,8
235,0
236,4
237,0
240,1
241,1
243,9
244,0
252,9
255,0
257,0
264,0
265,8
267,4
268,7
269,0
272,6
274,8
280,9
282,6
283,1
285,9
286,1
288,7
289,9
290,1
291,2
292,6
296,6
297,0
298,0
299,6
300,6
301,6
307,2
308,1
310,8
311,6
313,0
315,0
317,7
318,5
319,5
321,5
327,5
329,6
330,1
331,9
333,6
334,6
335,9
337,8
338,0
339,7
341,6
344,8
345,5
348,8
350,9
351,1
353,2
361,5
362,8
364,9
369,1
371,7
372,9
374,2
375,7
379,6
380,6
381,9
382,0
384,2
386,7
389,5
390,1
392,6
395,6
396,2
397,3
400,9
403,8
404,8
406,0
408,8
409,2
413,6
415,9
416,0
419,7
420,4
423,0
425,9
429,6
431,5
435,7
440,1
441,4
442,9
443,9
444,5
447,0
448,2
449,2
451,9
452,7
454,9
460,5
461,6
462,1
463,4
469,8
471,7
472,8
473,0
475,7
481,6
482,8
483,5
486,9
487,9
489,0
490,1
493,1
495,8
497,2
498,2
499,0
501,6
502,5
504,9
509,4
510,5
511,6
512,6
514,5
516,8
519,8
520,5
521,7
522,0
523,7
524,0
527,0
529,6
530,9
533,5
534,6
535,6
541,7
542,6
543,7
544,5
545,9
546,1
547,6
549,5
550,5
552,8
554,9
558,3
559,2
560,0
562,6
566,9
568,9
570,6
571,7
572,1
575,6
576,8
578,7
580,4
581,0
584,0
588,8
589,9
590,6
592,2
593,6
596,7
599,3
600,8
601,5
602,0
603,2
604,1
605,6
608,3
609,9
610,6
612,8
613,8
617,6
619,1
621,7
622,1
623,2
624,7
625,9
626,9
627,4
632,6
635,6
643,7
649,5
650,3
651,9
656,1
657,1
658,4
660,9
661,4
662,7
663,6
664,3
665,8
667,0
670,6
680,9
681,6
684,9
693,7
694,8
696,8
698,7
700,7
703,8
704,7
709,8
711,8
712,8
713,7
715,3
721,8
722,8
723,1
724,8
726,1
728,6
732,7
736,1
738,1
741,7
742,0
743,7
745,7
747,6
748,2
749,5
750,9
752,9
753,1
754,2
756,6
757,8
759,1
763,0
764,1
765,2
768,5
772,6
773,4
774,0
777,6
781,1
782,7
783,6
788,6
789,8
791,0
794,7
800,7
801,1
803,7
805,4
806,8
807,4
810,5
812,7
813,2
815,8
816,9
821,2
822,0
823,8
824,7
827,6
828,5
830,1
832,2
837,2
838,9
839,2
840,7
842,7
843,2
844,1
847,0
849,4
851,9
852,8
854,0
855,7
856,7
857,0
858,7
859,8
860,4
864,0
865,1
868,0
871,1
872,4
874,3
875,8
876,4
879,7
880,8
881,4
883,0
884,9
885,0
887,1
894,1
895,1
896,3
901,6
902,6
903,5
904,8
907,6
908,8
909,8
911,3
914,0
917,8
918,8
920,6
921,9
922,9
928,0
930,4
931,2
934,7
935,2
937,5
939,8
942,7
943,4
944,0
946,0
947,1
951,9
952,6
953,1
954,4
955,7
958,7
959,8
960,9
962,1
963,6
967,9
968,1
969,9
971,4
973,1
975,0
976,6
977,8
978,1
983,4
984,7
985,8
987,1
990,1
992,8
994,6
996,8
997,1
999,8
1000,5
1004,8
1005,1
1006,1
1007,8
1010,0
1011,8
1013,1
1016,1
1017,6
1018,0
1020,1
1022,0
1023,0
1024,3
1025,5
1029,6
1033,3
1037,7
1038,2
1041,5
1044,8
1046,2
1048,1
1052,0
1059,8
1060,9
1061,1
1062,6
1067,0
1068,9
1069,6
1071,6
1073,7
1074,3
1075,8
1076,0
1077,0
1078,0
1079,6
1080,6
1081,6
1082,9
1085,4
1087,6
1089,6
1090,0
1091,8
1096,7
1098,1
1099,2
1101,8
1102,8
1103,0
1104,9
1106,9
1107,7
1108,2
1111,8
1113,8
1114,9
1115,1
1119,7
1122,8
1125,6
1127,8
1134,1
1135,6
1139,8
1141,1
1142,8
1143,6
1149,7
1153,8
1154,6
1157,7
1158,1
1160,8
1162,7
1164,8
1165,0
1169,7
1171,9
1172,2
1175,9
1176,1
1179,3
1183,0
1184,6
1186,4
1187,1
1188,0
1189,0
1190,1
1192,6
1193,5
1195,6
1197,0
1198,7
1200,8
1201,7
1204,6
1205,8
1206,1
1209,7
1210,0
1212,1
1213,8
1214,5
1215,7
1218,8
1225,6
1226,6
1227,3
1229,1
1230,5
1232,1
1235,5
1237,0
1238,1
1243,8
1244,5
1247,3
1250,7
1252,5
1259,8
1262,8
1263,8
1264,8
1267,4
1271,8
1273,6
1274,3
1281,8
1282,9
1285,9
1288,1
1290,5
1291,9
1295,0
1298,9
1301,1
1305,9
1309,6
1311,8
1312,6
1313,1
1316,5
1317,9
1319,0
1326,6
1327,6
1332,1
1335,1
1338,6
1340,1
1341,4
1343,0
1347,8
1349,8
1351,7
1354,1
1358,8
1359,9
1360,7
1361,9
1364,4
1365,0
1366,8
1368,3
1369,8
1370,9
1379,7
1381,6
1384,9
1385,5
1386,3
1390,6
1392,2
1396,1
1397,0
1402,7
1404,1
1406,9
1408,1
1409,0
1410,1
1411,3
1415,7
1417,9
1419,8
1421,6
1422,8
1423,4
1427,9
1428,7
1429,6
1430,8
1431,4
1432,9
1433,7
1436,6
1441,4
1444,1
1446,0
1447,8
1449,6
1457,1
1459,8
1460,6
1461,0
1464,1
1466,7
1467,1
1471,8
1472,7
1473,7
1475,9
1476,7
1477,7
1478,7
1481,2
1482,8
1483,6
1484,4
1486,7
1488,8
1489,6
1490,8
1497,8
1499,8
1508,8
1509,1
1511,1
1512,8
1515,2
1517,1
1518,3
1519,6
1520,7
1522,4
1524,3
1528,2
1532,8
1539,2
1540,8
1541,4
1542,5
1543,5
1544,4
1545,1
1546,4
1550,6
1551,4
1553,4
1555,0
1557,8
1558,4
1560,7
1561,5
1562,6
1564,1
1565,6
1566,7
1568,0
1569,1
1578,6
1579,0
1582,9
1586,5
1589,6
1598,5
1599,5
1601,9
1604,1
1614,1
1616,7
1617,0
1619,4
1621,1
1624,4
1625,3
1627,9
1630,9
1631,1
1632,8
1634,6
1635,7
1637,5
1639,9
1641,6
1645,4
1646,0
1647,7
1650,5
1651,0
1652,0
1654,9
1655,8
1656,2
1657,5
1659,8
1661,6
1663,6
1664,0
1665,6
1666,6
1667,6
1669,6
1671,8
1672,6
1674,4
1677,1
1679,7
1680,6
1682,7
1683,8
1689,9
1691,8
1692,9
1694,0
1695,9
1697,9
1699,7
1701,5
1703,5
1705,0
1706,1
1707,9
1709,2
1711,1
1712,0
1714,0
1716,1
1717,7
1719,0
1721,8
1722,6
1724,4
1725,0
1726,0
1729,8
1734,9
1742,8
1743,1
1744,0
1745,5
1748,0
1750,8
1751,1
1752,5
1753,6
1754,7
1757,6
1758,2
1760,0
1770,7
1773,5
1776,0
1777,4
1778,8
1780,7
1781,6
1783,8
1784,1
1785,0
1792,9
1793,5
1795,6
1797,1
1801,4
1805,8
1806,1
1809,8
1811,1
1814,9
1817,6
1818,5
1819,0
1824,9
1825,2
1826,8
1827,4
1828,7
1833,8
1839,7
1841,9
1842,4
1843,8
1844,9
1845,7
1847,5
1849,7
1851,0
1853,9
1855,5
1856,8
1857,5
1858,4
1860,8
1864,7
1866,8
1867,6
1869,8
1873,6
1874,8
1875,0
1877,3
1878,7
1879,0
1880,1
1881,9
1882,1
1885,5
1886,8
1891,8
1893,9
1896,9
1899,7
1900,8
1901,5
1903,0
1904,1
1908,5
1909,3
1910,4
1911,4
1912,0
1913,9
1914,9
1915,9
1917,8
1922,5
1923,1
1926,0
1928,4
1932,0
1938,8
1942,2
1943,8
1946,8
1948,5
1949,0
1951,7
1952,4
1956,7
1958,6
1959,0
1961,7
1962,6
1965,0
1966,7
1967,7
1968,8
1970,1
1974,6
1976,5
1978,6
1980,9
1982,6
1988,5
1989,6
1991,1
1992,6
1993,3
1995,2
2004,7
2005,5
2006,7
2007,8
2008,9
2009,1
2011,2
2012,5
2013,6
2014,8
2015,4
2020,9
2024,6
2028,7
2031,1
2035,6
2041,0
2042,1
2043,8
2046,3
2048,8
2050,8
2052,8
2056,5
2060,5
2061,5
2064,8
2069,4
2071,9
2073,2
2074,2
2080,1
2082,2
2084,7
2088,7
2089,7
2090,2
2092,1
2093,6
2094,5
2095,0
2097,2
2099,1
2101,6
2102,0
2103,1
2105,6
2106,5
2107,3
2109,0
2112,1
2113,0
2116,9
2118,8
2119,6
2122,0
2123,2
2124,0
2131,7
2132,2
2135,8
2138,6
2139,8
2140,9
2141,7
2143,9
2148,9
2149,6
2150,9
2153,8
2156,8
2158,9
2164,1
2169,8
2170,2
2176,1
2180,4
2182,4
2183,4
2184,9
2185,0
2188,9
2189,2
2190,9
2194,8
2196,8
2197,6
2200,0
2201,5
2202,9
2203,6
2204,9
2209,4
2211,7
2214,4
2215,0
2217,8
2218,4
2220,1
2221,2
2224,1
2225,7
2227,8
2228,7
2229,4
2234,7
2236,5
2237,6
2238,1
2239,7
2241,0
2244,9
2245,8
2249,0
2250,7
2252,3
2254,8
2256,4
2258,1
2263,6
2265,8
2267,6
2269,3
2270,2
2272,7
2274,1
2275,6
2277,5
2279,9
2281,5
2282,9
2284,8
2287,2
2289,1
2295,8
2296,9
2297,7
2304,6
2306,3
2307,9
2308,1
2309,6
2310,6
2315,2
2317,5
2318,2
2319,7
2322,0
2326,7
2328,7
2332,2
2333,6
2334,1
2335,5
2336,9
2337,7
2338,6
2339,2
2340,7
2341,0
2343,6
2344,0
2345,1
2346,1
2347,8
2349,5
2351,1
2353,4
2356,8
2357,1
2360,7
2364,6
2367,4
2368,0
2369,1
2370,0
2372,5
2373,0
2374,8
2378,1
2380,8
2381,5
2388,0
2389,6
2392,5
2393,1
2394,6
2398,8
2399,8
2400,0
2401,3
2402,9
2403,4
2406,4
2407,9
2408,2
2409,4
2410,3
2411,0
2416,6
2417,7
2418,8
2424,8
2428,6
2429,8
2430,7
2431,8
2436,6
2439,1
2443,2
2445,6
2448,2
2450,1
2451,8
2454,1
2455,6
2457,6
2458,8
2459,5
2460,9
2461,0
2462,1
2463,0
2465,9
2467,9
2468,0
2469,9
2470,7
2471,8
2473,0
2475,6
2476,8
2477,1
2478,6
2480,8
2482,9
2483,2
2484,1
2485,6
2487,5
2488,6
2490,0
2492,8
2496,9
2501,4
2502,8
2503,8
2504,1
2507,0
2510,4
2514,9
2518,7
2527,8
2530,6
2534,9
2536,5
2537,1
2541,1
2544,2
2546,8
2548,0
2549,6
2550,4
2552,9
2553,8
2556,6
2559,7
2560,7
2561,6
2564,2
2569,0
2571,9
2577,4
2578,8
2581,4
2582,5
2583,7
2584,6
2587,0
2591,8
2592,2
2593,8
2594,0
2600,8
2601,1
2602,6
2604,8
2607,1
2608,4
2610,2
2614,0
2615,7
2616,1
2622,0
2623,4
2624,8
2625,2
2626,7
2627,7
2629,2
2631,4
2636,1
2639,6
2640,7
2641,4
2644,8
2645,1
2647,1
2656,9
2658,7
2661,3
2663,7
2664,4
2665,1
2666,6
2667,1
2668,0
2669,6
2670,9
2673,2
2674,0
2679,0
2680,0
2683,5
2687,8
2691,2
2692,8
2693,9
2694,1
2699,4
2700,9
2706,3
2707,6
2710,7
2711,5
2712,1
2713,8
2715,0
2724,0
2725,8
2726,5
2728,2
2730,6
2731,5
2732,7
2734,7
2738,4
2739,2
2744,9
2745,8
2748,1
2749,0
2750,5
2753,7
2760,2
2761,7
2763,4
2764,1
2766,4
2771,7
2772,6
2773,1
2777,5
2778,4
2779,3
2780,7
2781,7
2790,8
2791,7
2792,0
2793,9
2794,0
2795,3
2796,7
2799,8
2801,5
2802,6
2803,5
2805,4
2807,9
2809,4
2812,0
2813,1
2816,7
2817,9
2818,5
2819,1
2820,6
2826,4
2827,5
2828,2
2830,6
2832,3
2833,0
2834,4
2837,8
2839,2
2840,3
2846,6
2849,6
2850,5
2852,2
2853,9
2854,9
2857,0
2858,4
2863,6
2864,5
2865,6
2866,9
2870,8
2871,3
2872,1
2874,8
2878,3
2879,0
2880,4
2881,7
2883,2
2884,6
2885,5
2887,9
2890,5
2891,7
2892,0
2893,8
2894,6
2896,8
2897,3
2903,2
2904,7
2907,9
2908,7
2909,0
2911,1
2913,0
2915,5
2917,4
2918,2
2919,8
2920,2
2921,8
2922,3
2924,1
2926,9
2928,1
2929,1
2933,4
2934,6
2935,8
2936,5
2938,2
2941,8
2942,5
2943,1
2944,9
2946,9
2947,1
2949,3
2950,1
2951,0
2953,8
2957,8
2960,9
2962,8
2964,0
2967,7
2968,0
2971,4
2973,0
2979,0
2980,8
2982,4
2983,5
2990,4
2992,4
2993,0
2994,8
2995,4
2996,8
2999,6
3000,5
3001,1
3002,7
3007,6
3008,8
3009,7
3010,6
3011,3
3012,1
3015,6
3017,5
3020,1
3021,8
3022,7
3024,0
3027,1
3028,1
3034,2
3035,3
3036,9
3037,8
3039,1
3040,7
3041,4
3042,8
3044,7
3045,5
3046,8
3047,6
3048,0
3049,3
3057,6
3058,1
3060,7
3061,7
3062,9
3063,0
3065,3
3070,0
3074,1
3077,1
3078,8
3081,9
3086,9
3089,8
3090,4
3091,1
3093,7
3096,7
3100,0
3101,7
3102,0
3103,6
3104,7
3105,1
3106,8
3109,8
3111,0
3112,0
3116,7
3118,6
3121,9
3122,1
3123,8
3124,6
3126,9
3128,9
3133,9
3134,7
3136,4
3137,5
3138,8
3140,8
3141,9
3142,5
3144,1
3151,8
3152,1
3155,8
3156,9
3157,9
3162,1
3165,1
3167,2
3169,9
3170,9
3173,9
3175,1
3176,7
3177,0
3179,6
3181,9
3182,8
3184,0
3187,7
3189,8
3191,0
3194,3
3196,7
3198,6
3199,6
3203,4
3204,5
3205,8
3210,9
3212,6
3213,9
3214,6
3217,7
3223,7
3225,9
3228,3
3232,7
3233,8
3238,6
3239,1
3241,7
3243,8
3244,7
3245,7
3248,0
3249,3
3252,4
3253,9
3254,3
3256,4
3257,7
3260,7
3261,0
3263,1
3265,8
3266,7
3268,5
3269,7
3270,8
3272,7
3273,8
3276,4
3277,7
3278,0
3281,2
3282,9
3285,1
3286,6
3290,5
3291,5
3293,1
3294,0
3295,9
3296,4
3300,4
3303,8
3305,9
3307,9
3308,7
3313,2
3315,3
3316,7
3317,7
3318,8
3326,4
3327,7
3328,2
3329,3
3331,8
3332,7
3333,2
3337,7
3338,0
3339,9
3341,1
3345,7
3347,9
3348,1
3350,8
3351,1
3352,2
3362,1
3365,9
3366,8
3367,7
3368,9
3370,1
3372,1
3374,6
3375,4
3377,7
3380,8
3383,8
3385,8
3388,6
3389,1
3394,1
3395,9
3399,0
3403,8
3404,5
3405,7
3406,6
3407,1
3409,9
3410,4
3418,1
3423,8
3424,5
3425,0
3427,6
3429,0
3430,8
3431,4
3435,6
3436,4
3437,7
3438,9
3441,0
3444,0
3445,0
3448,6
3449,1
3453,2
3454,2
3455,6
3458,5
3459,9
3460,1
3463,3
3464,9
3465,6
3466,5
3467,0
3468,2
3469,9
3471,1
3472,7
3476,8
3477,6
3480,2
3483,0
3484,4
3485,1
3486,6
3487,5
3488,1
3492,9
3497,0
3499,0
3500,1
3502,8
3504,9
3506,2
3508,3
3510,4
3515,8
3516,9
3517,1
3518,5
3520,1
3521,8
3522,2
3526,4
3529,6
3530,6
3532,5
3536,0
3538,2
3539,3
3540,6
3542,9
3544,1
3545,4
3546,5
3547,9
3548,0
3549,1
3552,8
3554,1
3556,6
3558,5
3559,4
3563,6
3564,9
3565,1
3567,6
3568,0
3575,3
3578,7
3582,6
3583,1
3585,8
3586,8
3588,6
3590,7
3591,6
3592,7
3593,2
3597,6
3598,2
3599,7
3604,2
3608,0
3609,9
3611,1
3612,1
3613,5
3619,1
3623,5
3624,2
3625,8
3626,9
3629,1
3630,8
3633,3
3634,3
3635,4
3638,9
3639,7
3642,1
3643,8
3644,9
3648,7
3650,0
3651,0
3652,2
3655,9
3656,2
3659,6
3661,1
3663,1
3664,6
3666,5
3667,5
3670,9
3671,4
3672,0
3678,1
3683,8
3684,9
3685,2
3686,8
3687,9
3689,7
3691,1
3695,8
3698,8
3699,9
3701,1
3702,1
3703,6
3705,8
3706,4
3707,6
3710,2
3714,3
3716,3
3717,6
3718,8
3719,5
3720,2
3722,7
3724,6
3727,9
3729,8
3730,1
3737,2
3738,9
3739,7
3740,0
3742,9
3745,1
3747,9
3751,7
3759,4
3760,7
3762,1
3763,8
3764,1
3765,0
3767,6
3768,1
3769,9
3772,1
3775,6
3776,9
3777,7
3780,4
3781,2
3782,0
3783,2
3784,5
3785,6
3787,3
3788,7
3790,4
3794,1
3795,7
3796,5
3798,5
3800,9
3802,7
3803,8
3805,9
3808,5
3810,3
3811,7
3813,8
3814,1
3818,9
3823,0
3825,0
3826,1
3827,4
3829,8
3830,5
3831,5
3833,9
3834,8
3836,7
3837,9
3838,1
3839,5
3841,9
3842,8
3844,2
3845,0
3846,9
3850,9
3852,2
3855,1
3858,8
3860,7
3861,6
3863,2
3865,7
3866,0
3869,8
3871,8
3873,9
3874,6
3876,7
3879,7
3881,7
3882,1
3885,6
3886,8
3889,6
3890,7
3893,9
3894,7
3895,1
3897,0
3898,1
3905,2
3908,2
3911,9
3912,8
3914,4
3916,9
3918,6
3919,7
3921,1
3923,3
3925,1
3926,9
3929,3
3930,1
3931,5
3936,6
3937,8
3938,8
3939,9
3940,6
3942,1
3943,0
3944,7
3945,5
3946,8
3947,2
3950,8
3951,1
3952,4
3954,5
3955,0
3958,9
3959,5
3965,0
3966,4
3971,0
3972,7
3974,8
3975,7
3976,1
3979,9
3982,9
3984,6
3985,7
3986,7
3990,4
3992,0
3994,8
4004,0
4006,8
4007,6
4008,8
4009,2
4011,7
4014,8
4015,1
4018,9
4019,7
4022,6
4025,1
4027,4
4030,1
4031,4
4032,3
4033,6
4037,0
4039,7
4040,0
4046,7
4047,4
4049,4
4056,0
4057,7
4059,1
4061,5
4062,0
4064,7
4065,4
4066,6
4067,1
4068,8
4070,9
4072,5
4073,6
4074,2
4075,2
4076,7
4077,3
4079,8
4080,1
4084,7
4086,8
4088,7
4090,4
4092,7
4100,7
4103,8
4104,0
4107,3
4109,5
4110,2
4115,8
4122,6
4123,0
4124,8
4127,6
4128,1
4129,1
4130,6
4131,1
4132,4
4133,2
4141,8
4142,8
4143,5
4144,1
4145,8
4146,2
4148,3
4149,9
4150,6
4153,0
4154,7
4157,2
4159,4
4160,5
4162,0
4165,8
4168,9
4169,3
4170,1
4171,0
4172,5
4174,2
4177,6
4178,7
4179,6
4181,0
4182,5
4183,7
4184,4
4186,7
4187,0
4188,6
4191,9
4192,0
4194,0
4195,3
4196,8
4199,8
4201,1
4202,0
4206,1
4207,1
4208,2
4212,1
4213,4
4214,7
4216,0
4218,9
4219,0
4221,2
4222,8
4228,0
4229,8
4232,5
4235,9
4236,1
4237,1
4240,7
4243,6
4245,1
4246,5
4247,5
4249,4
4250,1
4252,9
4253,9
4254,8
4255,9
4256,8
4257,6
4258,8
4259,5
4260,8
4263,6
4265,6
4269,0
4271,1
4272,7
4274,1
4275,5
4278,1
4283,6
4284,9
4288,1
4289,7
4292,1
4295,0
4298,9
4300,8
4301,6
4305,0
4308,0
4311,7
4312,5
4314,1
4316,8
4317,8
4318,1
4321,5
4323,5
4324,9
4325,6
4326,7
4327,1
4328,0
4329,6
4330,9
4336,9
4337,1
4339,7
4340,0
4341,1
4343,5
4344,4
4346,3
4347,8
4348,8
4350,4
4351,8
4356,0
4358,5
4359,2
4360,6
4361,8
4363,9
4365,9
4368,4
4370,8
4371,1
4372,1
4373,0
4374,0
4379,1
4380,9
4382,7
4384,6
4385,8
4386,6
4387,0
4389,8
4390,5
4394,5
4395,7
4396,9
4397,8
4401,1
4402,4
4405,6
4407,3
4409,8
4412,7
4413,6
4415,0
4417,9
4418,9
4419,0
4422,3
4424,1
4425,1
4426,0
4428,8
4433,5
4434,2
4435,3
4439,9
4441,1
4443,4
4444,8
4451,2
4453,0
4454,6
4455,8
4456,7
4459,8
4460,9
4461,0
4466,1
4467,3
4469,5
4470,0
4472,4
4473,4
4478,1
4479,7
4480,9
4482,6
4488,4
4489,7
4491,2
4492,8
4493,4
4494,8
4495,3
4496,8
4497,8
4501,5
4502,7
4505,4
4506,1
4509,7
4510,0
4511,6
4514,9
4515,0
4518,9
4522,2
4523,4
4524,4
4525,0
4529,4
4531,1
4532,1
4536,9
4537,3
4539,8
4540,9
4543,1
4544,7
4548,0
4549,1
4551,5
4553,3
4557,0
4558,0
4560,1
4567,4
4568,8
4569,9
4571,4
4573,4
4576,4
4577,6
4578,4
4579,6
4591,0
4594,1
4595,9
4597,9
4598,1
4601,2
4602,1
4604,4
4609,8
4611,1
4612,7
4613,1
4616,4
4617,3
4621,8
4623,5
4625,4
4626,5
4629,7
4631,5
4633,1
4636,8
4645,4
4648,6
4649,8
4650,6
4651,8
4654,7
4656,9
4657,7
4658,1
4659,4
4662,6
4663,1
4664,7
4665,3
4666,0
4667,0
4668,6
4670,8
4671,6
4673,0
4680,9
4685,4
4687,3
4688,7
4689,1
4695,8
4698,6
4701,0
4702,6
4704,9
4708,3
4711,9
4712,4
4713,1
4714,6
4715,9
4716,9
4719,9
4720,8
4723,9
4725,9
4726,0
4727,9
4728,7
4733,6
4734,4
4735,8
4736,1
4737,9
4739,6
4741,1
4742,8
4743,6
4746,6
4747,5
4751,6
4752,1
4755,1
4759,0
4760,3
4761,9
4762,1
4763,0
4764,5
4767,6
4768,9
4769,8
4770,9
4771,0
4772,6
4773,1
4774,6
4775,2
4776,3
4778,6
4781,7
4787,8
4788,6
4789,9
4791,9
4796,9
4800,9
4802,0
4806,1
4807,8
4809,0
4810,5
4813,8
4817,0
4822,1
4824,0
4827,9
4828,4
4829,5
4831,1
4832,4
4835,9
4836,9
4837,7
4839,7
4840,0
4841,1
4843,1
4848,1
4851,9
4853,7
4854,0
4855,1
4856,7
4857,6
4858,2
4860,5
4863,1
4866,9
4867,9
4869,8
4870,8
4872,9
4875,1
4877,6
4879,6
4881,8
4882,6
4883,2
4886,3
4890,1
4891,6
4893,1
4895,1
4896,7
4898,6
4901,0
4902,4
4903,2
4904,9
4905,7
4906,5
4907,5
4908,6
4909,0
4911,8
4912,1
4914,3
4915,5
4916,6
4918,3
4919,8
4922,0
4923,7
4926,7
4927,1
4928,9
4930,1
4932,9
4935,5
4936,3
4937,0
4939,0
4940,6
4941,6
4944,8
4948,1
4949,1
4950,2
4952,9
4953,0
4954,1
4957,4
4958,4
4959,7
4960,4
4961,8
4968,0
4969,1
4971,9
4975,3
4977,9
4988,5
4989,6
4992,1
4994,7
4999,1
5000,7
5001,6
5002,8
5003,4
5004,4
5007,3
5008,4
5009,7
5010,7
5012,6
5015,2
5019,1
5020,8
5021,0
5022,2
5027,0
5030,4
5035,5
5036,0
5037,0
5039,6
5040,3
5041,9
5042,2
5043,0
5047,5
5054,9
5055,0
5057,2
5059,4
5060,6
5064,5
5071,1
5077,0
5078,8
5080,7
5081,5
5082,6
5083,9
5087,9
5089,6
5090,1
5091,0
5092,9
5095,8
5099,2
5100,3
5104,8
5105,7
5108,1
5110,8
5111,6
5113,6
5114,7
5115,5
5116,6
5118,2
5120,9
5121,6
5124,0
5126,0
5128,3
5131,6
5132,1
5135,1
5136,9
5137,9
5138,8
5139,6
5140,8
5143,9
5145,4
5149,6
5152,9
5153,7
5157,6
5158,4
5160,0
5161,3
5164,0
5165,2
5167,2
5168,7
5170,9
5173,0
5174,6
5175,6
5178,5
5179,5
5181,1
5186,5
5187,4
5189,0
5191,3
5199,6
5200,3
5202,9
5207,8
5208,4
5209,7
5210,5
5216,6
5217,1
5220,0
5221,7
5223,0
5225,0
5226,1
5234,7
5237,4
5242,0
5243,1
5245,1
5246,7
5248,9
5249,8
5250,7
5251,5
5252,4
5253,0
5254,9
5255,0
5256,0
5260,0
5262,4
5263,8
5264,6
5266,4
5270,1
5271,5
5274,2
5276,9
5279,0
5284,6
5285,1
5286,6
5288,4
5291,9
5293,0
5294,8
5296,4
5297,6
5298,5
5299,7
5301,7
5302,0
5303,5
5304,7
5306,3
5307,1
5308,9
5312,5
5315,9
5317,4
5319,7
5321,1
5322,4
5323,1
5325,8
5326,7
5331,2
5332,9
5333,7
5334,6
5336,3
5339,0
5341,6
5342,8
5345,4
5346,7
5347,1
5348,1
5349,3
5352,5
5353,1
5355,8
5356,7
5357,0
5359,6
5360,9
5363,7
5364,7
5367,0
5369,4
5370,6
5371,7
5375,1
5376,5
5377,5
5381,3
5382,0
5384,6
5386,1
5390,1
5392,0
5394,1
5395,0
5396,1
5397,9
5400,9
5402,4
5403,7
5406,7
5409,1
5412,6
5414,4
5418,8
5420,6
5423,6
5426,5
5427,8
5429,6
5430,7
5431,1
5432,9
5436,6
5439,1
5440,9
5445,7
5447,5
5448,9
5449,1
5451,6
5452,0
5453,2
5454,0
5456,1
5457,8
5463,5
5464,7
5466,8
5470,1
5471,6
5473,5
5474,1
5475,0
5476,6
5478,3
5480,1
5484,9
5485,8
5486,3
5488,9
5491,0
5494,9
5500,8
5501,6
5502,6
5503,8
5505,4
5508,7
5510,4
5513,6
5514,2
5516,0
5518,3
5523,6
5526,8
5527,7
5528,5
5531,8
5533,2
5538,7
5539,4
5541,7
5543,0
5552,5
5553,5
5556,6
5561,6
5567,6
5568,7
5569,0
5570,5
5574,7
5576,5
5583,0
5584,0
5586,8
5588,3
5589,2
5594,9
5596,9
5598,1
5600,6
5601,7
5602,4
5604,1
5608,9
5612,8
5614,8
5615,5
5616,6
5617,5
5619,8
5622,1
5623,8
5624,1
5625,5
5627,9
5629,6
5633,4
5635,7
5637,7
5638,4
5641,4
5652,0
5653,5
5658,4
5660,9
5661,4
5664,6
5666,6
5667,1
5668,7
5673,5
5675,7
5676,6
5677,7
5679,0
5681,3
5682,5
5683,6
5685,1
5688,8
5689,3
5690,7
5692,5
5694,5
5695,7
5696,7
5699,4
5706,7
5707,0
5711,6
5713,5
5714,2
5715,6
5716,0
5718,1
5720,9
5721,0
5722,0
5723,1
5725,5
5726,1
5727,6
5728,7
5731,6
5732,3
5734,6
5735,0
5737,9
5741,1
5743,6
5744,2
5746,7
5748,8
5750,6
5753,2
5755,4
5757,4
5759,9
5760,2
5763,9
5764,7
5765,9
5766,8
5767,7
5768,7
5770,8
5772,9
5777,8
5778,7
5780,7
5782,7
5784,6
5785,2
5788,0
5789,2
5791,8
5793,8
5796,5
5798,0
5799,1
5804,0
5805,1
5807,6
5810,5
5813,4
5818,7
5822,3
5823,5
5827,0
5828,5
5829,4
5832,9
5834,5
5836,8
5840,2
5843,6
5844,0
5845,5
5846,5
5851,1
5854,4
5857,0
5858,7
5859,2
5860,0
5865,6
5866,4
5867,5
5869,7
5870,7
5875,1
5876,6
5877,9
5885,4
5887,1
5891,0
5892,8
5894,7
5895,6
5897,4
5898,8
5899,1
5900,4
5905,1
5911,6
5913,7
5914,1
5916,9
5918,1
5920,8
5927,6
5929,7
5931,4
5932,4
5935,6
5936,6
5938,9
5941,9
5942,4
5944,2
5945,9
5947,5
5948,0
5949,6
5951,0
5958,9
5964,9
5965,7
5966,9
5967,9
5968,0
5970,1
5971,1
5974,9
5976,5
5977,6
5980,9
5982,9
5984,5
5987,3
5988,9
5989,8
5990,8
5993,8
5998,7
6002,2
6003,0
6004,7
6007,6
6013,6
6019,6
6029,0
6031,5
6032,4
6033,2
6034,9
6036,0
6037,5
6039,8
6045,8
6046,2
6047,0
6048,1
6049,8
6051,4
6052,8
6053,4
6056,4
6058,1
6059,9
6061,0
6072,5
6076,7
6080,1
6081,0
6082,0
6088,6
6090,1
6092,5
6094,5
6096,2
6097,5
6098,6
6099,7
6100,1
6103,6
6104,1
6105,0
6107,9
6110,9
6112,8
6115,8
6117,1
6118,0
6119,1
6120,5
6123,6
6125,8
6126,3
6128,0
6130,1
6133,0
6135,3
6139,9
6140,9
6141,8
6147,9
6148,4
6149,7
6152,6
6155,8
6156,9
6159,1
6161,4
6166,1
6167,9
6168,3
6171,4
6173,1
6176,9
6179,8
6180,0
6182,1
6183,5
6184,1
6185,5
6186,9
6189,2
6192,6
6193,9
6194,1
6197,4
6198,9
6199,5
6205,1
6207,9
6208,8
6209,7
6211,8
6214,5
6216,5
6217,8
6219,7
6221,0
6222,0
6223,7
6224,5
6226,5
6233,7
6239,6
6241,0
6244,8
6247,0
6252,2
6254,4
6256,9
6258,0
6259,5
6262,8
6264,6
6266,7
6267,9
6269,7
6274,9
6276,7
6278,5
6279,1
6281,1
6282,6
6287,5
6288,6
6289,9
6291,9
6294,0
6295,8
6296,8
6297,5
6300,1
6302,0
6304,0
6306,0
6310,5
6313,9
6314,6
6317,9
6319,7
6320,0
6321,8
6323,2
6324,7
6325,7
6328,0
6330,6
6331,0
6335,2
6337,9
6340,3
6342,8
6343,8
6344,5
6346,8
6347,0
6350,0
6351,0
6352,2
6354,7
6355,0
6356,7
6358,7
6359,2
6362,4
6363,0
6365,7
6366,8
6368,7
6373,6
6374,9
6376,8
6377,9
6379,8
6386,5
6388,7
6389,5
6390,7
6391,9
6392,6
6395,8
6397,5
6398,6
6404,7
6407,2
6409,9
6410,1
6411,8
6413,6
6415,1
6416,7
6417,1
6418,0
6422,4
6426,1
6427,2
6430,1
6432,8
6435,9
6437,0
6441,5
6443,6
6445,1
6448,7
6449,8
6450,0
6451,1
6455,6
6457,2
6458,2
6459,6
6461,4
6462,0
6463,8
6468,8
6470,1
6471,6
6473,9
6474,8
6476,0
6477,4
6478,7
6479,4
6480,0
6482,7
6483,6
6484,8
6485,9
6487,6
6489,8
6492,1
6493,1
6494,0
6495,7
6496,7
6497,4
6502,6
6503,6
6505,4
6506,5
6508,0
6511,7
6515,2
6516,2
6518,6
6519,2
6521,4
6523,6
6524,8
6525,3
6526,8
6527,5
6529,2
6531,4
6534,7
6535,5
6536,1
6539,7
6540,8
6546,2
6548,0
6550,1
6552,1
6554,5
6555,1
6557,9
6558,6
6560,6
6565,9
6567,4
6569,8
6571,5
6572,4
6576,7
6578,6
6581,1
6582,4
6583,0
6584,5
6585,1
6586,6
6587,3
6592,5
6593,2
6594,8
6600,7
6601,0
6609,5
6610,8
6611,8
6613,8
6614,5
6615,7
6618,0
6620,7
6622,4
6623,0
6624,4
6626,2
6635,6
6637,9
6638,1
6642,9
6643,1
6644,0
6648,0
6649,9
6650,0
6651,6
6655,1
6657,7
6660,0
6663,0
6664,4
6667,7
6668,6
6672,9
6676,0
6678,7
6681,9
6682,4
6683,5
6684,8
6690,5
6691,8
6692,6
6697,2
6700,6
6701,1
6702,8
6707,2
6708,2
6711,5
6712,0
6716,8
6718,8
6720,2
6724,9
6725,8
6727,6
6728,1
6730,8
6731,6
6733,5
6736,4
6738,0
6742,1
6743,8
6744,3
6745,7
6747,8
6749,9
6751,8
6752,9
6754,8
6756,5
6758,8
6760,5
6762,7
6764,5
6766,8
6767,1
6768,2
6769,3
6770,1
6773,2
6775,0
6776,8
6780,7
6784,9
6785,6
6787,5
6788,1
6789,1
6791,7
6794,8
6796,6
6797,0
6798,8
6800,6
6801,6
6802,4
6803,6
6805,1
6806,1
6807,7
6809,6
6810,8
6811,9
6813,6
6815,0
6816,1
6817,1
6818,7
6820,1
6824,0
6826,6
6829,8
6833,3
6838,1
6840,9
6841,1
6844,7
6846,9
6847,8
6850,6
6851,0
6854,0
6856,6
6860,0
6861,8
6863,6
6864,0
6867,6
6870,7
6873,3
6875,5
6878,5
6880,2
6882,9
6885,0
6886,1
6888,4
6890,5
6891,9
6892,6
6894,6
6897,9
6902,4
6903,9
6906,1
6907,6
6908,6
6910,7
6911,6
6913,3
6915,1
6921,6
6923,0
6925,2
6926,7
6927,5
6929,5
6931,5
6932,9
6934,6
6935,7
6936,9
6938,3
6939,2
6940,1
6942,3
6943,4
6945,5
6946,6
6947,8
6948,6
6952,8
6953,0
6955,7
6956,6
6957,6
6963,9
6964,5
6968,8
6970,0
6971,9
6972,1
6974,9
6978,4
6981,2
6982,1
6984,1
6987,8
6990,3
6995,1
6996,0
6998,8
7001,1
7006,6
7008,1
7010,0
7011,7
7012,7
7013,1
7018,0
7020,7
7022,2
7023,2
7024,9
7025,6
7030,8
7031,0
7032,4
7033,8
7034,0
7042,8
7043,6
7046,9
7047,8
7049,2
7052,1
7053,1
7056,2
7057,6
7058,9
7060,8
7065,2
7066,6
7069,0
7071,1
7072,8
7073,9
7076,9
7078,7
7079,7
7083,6
7086,7
7088,8
7089,7
7091,6
7092,2
7094,4
7096,0
7098,1
7101,6
7102,0
7105,3
7106,8
7109,4
7111,5
7114,1
7115,0
7116,0
7117,6
7118,5
7120,7
7122,9
7123,6
7127,5
7129,1
7130,6
7131,6
7133,1
7134,4
7135,4
7136,1
7137,5
7138,0
7139,0
7140,4
7142,8
7143,4
7144,8
7146,0
7148,0
7154,0
7155,9
7156,1
7158,7
7159,6
7163,6
7164,0
7166,1
7167,7
7169,1
7170,9
7175,7
7177,2
7179,9
7180,6
7185,8
7187,7
7191,7
7192,7
7193,8
7194,8
7196,0
7199,1
7202,3
7206,2
7208,1
7209,0
7215,1
7220,9
7221,3
7223,7
7225,1
7226,7
7230,2
7231,8
7234,9
7237,7
7244,5
7245,4
7248,4
7249,9
7250,8
7251,7
7252,8
7254,2
7256,4
7258,5
7261,8
7262,2
7266,2
7268,3
7269,7
7271,7
7276,1
7278,5
7279,5
7282,1
7284,0
7285,1
7287,5
7288,7
7289,0
7293,7
7294,5
7295,5
7296,8
7297,9
7299,6
7302,6
7307,8
7308,4
7309,1
7312,2
7317,6
7322,4
7323,3
7324,1
7325,4
7327,4
7329,1
7331,5
7332,7
7333,6
7334,5
7338,5
7339,6
7341,4
7342,7
7345,6
7346,5
7347,0
7350,9
7352,3
7353,8
7354,0
7355,7
7357,6
7358,8
7359,1
7361,8
7362,9
7363,1
7366,2
7368,5
7369,5
7371,6
7373,0
7376,1
7379,7
7380,7
7381,4
7385,9
7387,1
7388,7
7389,6
7391,4
7392,8
7394,1
7396,8
7400,3
7403,4
7404,8
7405,7
7407,9
7409,8
7413,1
7415,3
7418,8
7419,0
7421,5
7423,6
7426,7
7428,0
7432,7
7433,5
7434,0
7436,0
7438,5
7445,6
7448,9
7450,1
7451,9
7454,0
7459,8
7460,5
7461,9
7463,2
7464,8
7465,0
7466,6
7467,6
7468,8
7469,6
7474,5
7477,0
7479,6
7481,4
7483,1
7484,1
7485,8
7487,1
7488,2
7490,4
7493,5
7495,7
7498,6
7500,6
7501,9
7503,8
7505,7
7506,4
7511,0
7512,9
7513,0
7514,7
7515,8
7516,1
7520,4
7521,2
7523,0
7525,8
7528,5
7532,1
7533,0
7534,6
7535,1
7538,5
7540,5
7541,0
7543,9
7544,0
7546,7
7547,9
7548,6
7550,4
7555,1
7561,2
7563,9
7564,8
7565,1
7566,9
7567,7
7570,1
7572,1
7575,8
7576,8
7580,8
7581,9
7583,1
7585,6
7587,7
7591,6
7592,9
7597,9
7601,8
7603,9
7604,1
7606,6
7607,0
7611,7
7613,9
7614,4
7616,0
7618,3
7619,5
7621,8
7622,9
7624,2
7625,7
7626,1
7627,3
7629,6
7630,9
7631,1
7633,7
7635,9
7639,9
7640,9
7642,9
7647,6
7648,0
7651,4
7652,0
7653,8
7655,8
7656,1
7658,7
7660,7
7661,9
7664,2
7668,5
7670,2
7671,5
7672,6
7677,6
7678,8
7679,6
7681,0
7682,8
7683,0
7686,9
7688,8
7690,6
7691,6
7693,7
7694,9
7695,8
7696,0
7698,0
7699,9
7700,6
7701,0
7702,4
7703,7
7704,1
7706,8
7708,2
7712,5
7715,1
7716,5
7718,0
7724,8
7725,4
7727,6
7729,9
7731,1
7732,7
7733,0
7739,9
7741,5
7742,0
7745,7
7748,0
7751,7
7754,0
7755,7
7756,5
7757,6
7758,7
7759,1
7762,7
7764,6
7765,8
7768,8
7770,9
7772,3
7774,0
7776,5
7777,6
7779,5
7782,8
7785,4
7786,9
7787,5
7788,6
7789,3
7790,8
7793,8
7796,8
7798,5
7800,0
7801,4
7802,2
7804,5
7806,9
7807,3
7808,8
7809,0
7810,6
7811,0
7814,7
7819,1
7828,5
7832,8
7833,8
7835,0
7836,0
7837,7
7838,0
7840,1
7843,0
7844,9
7845,2
7850,0
7856,6
7857,4
7858,2
7862,1
7863,0
7864,1
7866,6
7867,4
7868,8
7870,6
7872,9
7874,6
7876,1
7880,0
7882,7
7883,9
7884,9
7886,7
7887,5
7888,7
7890,6
7891,6
7898,1
7899,7
7901,1
7902,2
7903,1
7904,1
7908,9
7919,6
7920,9
7921,4
7922,8
7925,0
7928,2
7929,0
7934,8
7936,1
7937,1
7943,1
7944,2
7945,6
7946,1
7948,1
7950,9
7953,1
7955,9
7960,0
7963,7
7965,7
7966,7
7968,8
7971,5
7973,1
7974,6
7977,8
7979,3
7981,5
7982,9
7984,8
7985,5
7987,0
7990,0
7991,9
7992,6
7994,0
7995,8
7996,7
7999,6
8000,9
8001,1
8002,6
8004,7
8008,0
8013,8
8014,2
8016,4
8017,0
8018,8
8021,1
8024,0
8027,4
8030,2
8031,0
8032,1
8033,3
8035,1
8037,1
8039,1
8040,2
8042,7
8046,8
8049,1
8052,7
8053,1
8054,9
8056,1
8060,6
8061,0
8064,0
8065,9
8067,8
8068,9
8072,3
8074,7
8075,8
8076,7
8077,3
8080,4
8081,6
8084,5
8085,2
8089,9
8090,6
8091,7
8093,7
8094,1
8095,2
8096,3
8097,1
8098,1
8103,7
8104,7
8106,8
8107,1
8108,5
8111,5
8113,6
8116,9
8117,8
8121,0
8124,7
8127,9
8130,6
8132,8
8133,8
8143,9
8146,8
8147,5
8149,9
8150,6
8151,8
8152,8
8154,8
8155,1
8156,0
8157,1
8158,8
8159,8
8163,0
8167,6
8168,6
8170,5
8173,5
8178,9
8179,4
8180,4
8186,8
8187,5
8188,7
8192,5
8194,1
8195,8
8206,7
8207,7
8210,0
8211,5
8213,6
8215,1
8220,6
8221,7
8223,8
8227,7
8228,8
8230,0
8231,3
8235,7
8237,7
8238,1
8240,7
8244,4
8246,8
8247,6
8250,6
8251,3
8252,2
8253,2
8254,8
8256,8
8260,1
8262,0
8263,5
8264,2
8265,0
8270,6
8271,3
8273,6
8278,8
8283,1
8285,9
8286,7
8287,8
8288,5
8294,8
8296,5
8298,3
8303,8
8309,4
8311,8
8314,6
8315,6
8316,5
8323,9
8327,7
8328,7
8329,8
8330,5
8332,9
8339,8
8341,6
8343,3
8346,6
8347,1
8348,6
8350,9
8353,7
8355,9
8356,1
8358,0
8360,7
8365,6
8366,1
8369,4
8370,4
8371,2
8373,8
8377,8
8379,8
8381,4
8382,3
8388,1
8389,1
8390,1
8392,6
8393,8
8402,0
8407,8
8409,8
8411,8
8413,9
8415,0
8417,1
8418,8
8423,6
8426,9
8428,5
8431,8
8432,5
8434,9
8436,5
8439,8
8441,8
8442,6
8449,1
8452,4
8455,1
8458,5
8459,9
8460,8
8462,2
8468,6
8470,8
8472,2
8477,5
8478,5
8480,2
8481,3
8483,0
8485,0
8486,4
8490,3
8495,1
8496,0
8497,4
8498,1
8501,8
8503,1
8504,1
8510,7
8512,9
8514,7
8515,8
8517,1
8518,9
8519,7
8521,9
8522,1
8523,6
8528,3
8531,8
8533,6
8534,6
8537,0
8539,6
8540,4
8543,0
8544,6
8545,6
8547,6
8549,1
8550,1
8551,8
8552,6
8554,0
8559,1
8560,7
8561,8
8565,7
8567,8
8568,7
8570,6
8571,7
8572,0
8575,9
8582,6
8583,8
8584,1
8586,6
8587,7
8588,6
8590,0
8591,6
8592,0
8595,1
8596,1
8598,3
8600,3
8603,1
8605,6
8606,1
8607,8
8609,6
8611,7
8612,4
8614,8
8615,9
8619,5
8621,1
8623,1
8627,7
8629,7
8630,5
8635,6
8636,6
8638,0
8640,1
8645,1
8647,4
8648,1
8649,2
8655,8
8656,7
8657,6
8658,3
8659,4
8661,2
8663,1
8669,4
8673,9
8674,1
8675,7
8682,5
8683,7
8685,7
8686,9
8688,8
8689,6
8690,8
8693,9
8694,0
8695,4
8696,8
8697,5
8699,4
8701,8
8702,0
8704,8
8705,6
8709,1
8710,7
8712,1
8713,2
8714,4
8715,2
8716,2
8717,8
8718,7
8724,6
8725,8
8726,9
8728,6
8729,5
8731,9
8733,7
8735,3
8738,4
8744,1
8745,5
8747,2
8750,9
8751,1
8753,4
8755,6
8759,7
8760,8
8762,8
8764,1
8765,2
8768,2
8769,0
8771,6
8772,1
8776,5
8777,0
8780,4
8781,6
8783,6
8784,4
8789,5
8791,6
8793,7
8794,5
8795,0
8796,9
8798,6
8799,1
8800,0
8802,6
8803,3
8805,9
8807,6
8808,6
8812,0
8814,9
8819,0
8820,2
8821,7
8822,6
8824,3
8826,8
8827,2
8829,0
8830,9
8831,6
8832,6
8833,6
8834,8
8836,4
8837,1
8838,8
8839,1
8842,4
8843,8
8845,2
8846,6
8849,9
8851,0
8852,7
8853,2
8856,0
8858,6
8859,2
8860,2
8862,0
8864,9
8865,7
8866,1
8867,8
8869,5
8870,5
8871,9
8873,5
8877,9
8878,8
8879,9
8880,1
8881,6
8884,0
8887,4
8888,8
8889,4
8890,8
8892,8
8893,6
8895,0
8896,8
8897,2
8902,6
8903,0
8907,1
8908,9
8910,1
8913,8
8914,4
8915,9
8916,6
8917,0
8919,7
8920,6
8924,2
8925,0
8926,4
8927,9
8929,9
8930,3
8931,9
8933,6
8938,1
8941,0
8947,4
8949,7
8950,9
8951,8
8952,3
8953,9
8959,1
8960,0
8969,8
8970,0
8974,2
8975,8
8976,7
8978,6
8979,5
8980,9
8984,6
8986,6
8988,2
8990,1
8991,0
8992,5
8994,8
8995,9
8998,9
9000,8
9001,1
9002,6
9004,7
9005,5
9006,6
9008,0
9014,7
9016,1
9017,0
9019,9
9022,3
9023,8
9024,0
9025,5
9026,9
9028,8
9030,2
9032,9
9034,2
9037,9
9042,1
9045,0
9051,8
9052,0
9053,5
9055,6
9056,4
9058,5
9061,7
9062,9
9063,7
9066,1
9072,9
9075,0
9076,6
9079,1
9081,7
9083,8
9086,0
9087,3
9089,3
9091,7
9092,6
9094,2
9096,9
9097,0
9101,8
9102,7
9103,7
9105,8
9106,6
9109,3
9110,1
9111,0
9115,8
9117,9
9121,3
9124,0
9125,1
9128,4
9129,4
9130,8
9134,5
9136,6
9138,5
9139,4
9141,3
9143,9
9145,1
9146,5
9150,6
9151,0
9152,4
9153,2
9155,5
9156,6
9157,3
9159,9
9160,5
9161,6
9164,5
9167,7
9168,2
9172,0
9175,8
9178,1
9179,1
9180,5
9181,0
9182,0
9183,8
9184,7
9186,7
9187,4
9188,5
9192,2
9194,6
9195,6
9196,0
9198,3
9200,8
9202,7
9203,8
9205,4
9207,9
9208,0
9210,7
9212,6
9215,5
9218,3
9219,9
9220,8
9222,7
9223,1
9224,6
9232,1
9233,8
9234,2
9235,0
9236,9
9238,9
9239,8
9240,8
9241,6
9242,7
9244,7
9246,3
9247,9
9249,9
9251,6
9256,0
9258,9
9259,7
9260,5
9261,5
9263,6
9265,1
9266,8
9270,9
9271,0
9272,0
9274,8
9275,8
9278,7
9279,8
9283,9
9284,7
9285,8
9286,7
9287,9
9289,5
9293,7
9297,2
9298,1
9299,9
9300,5
9307,7
9312,9
9313,7
9314,6
9315,7
9317,6
9318,4
9319,3
9320,9
9321,4
9323,1
9325,6
9326,0
9328,6
9329,7
9330,4
9331,7
9332,9
9333,0
9334,7
9340,1
9342,6
9343,8
9347,8
9351,1
9354,0
9356,0
9357,9
9362,9
9364,5
9365,6
9367,9
9368,1
9372,7
9373,1
9376,5
9378,9
9379,7
9383,9
9387,1
9389,8
9390,7
9391,9
9395,7
9397,2
9399,7
9400,6
9401,9
9402,6
9405,8
9409,9
9410,5
9411,7
9412,8
9413,0
9416,7
9419,2
9420,5
9424,2
9425,6
9427,1
9430,6
9431,3
9432,1
9434,7
9438,7
9439,0
9440,8
9441,4
9444,7
9447,4
9451,8
9455,1
9456,6
9458,7
9459,0
9466,8
9468,7
9469,0
9470,9
9472,8
9473,0
9474,8
9476,8
9477,5
9478,7
9482,0
9485,7
9487,1
9489,6
9490,8
9493,0
9494,9
9495,0
9496,1
9499,0
9500,9
9502,6
9504,6
9507,0
9510,1
9512,0
9516,9
9519,9
9524,4
9525,2
9530,6
9531,6
9533,0
9534,6
9537,6
9540,5
9543,2
9544,0
9545,9
9546,6
9547,4
9548,2
9550,6
9552,9
9553,7
9554,7
9556,6
9557,5
9561,0
9562,3
9564,9
9565,0
9566,9
9568,8
9569,6
9570,7
9571,6
9572,8
9574,4
9577,0
9579,2
9580,1
9581,7
9582,5
9588,1
9589,5
9590,0
9592,1
9595,7
9597,4
9598,9
9599,7
9600,8
9603,2
9605,5
9607,7
9608,0
9611,8
9613,4
9614,6
9615,6
9617,8
9618,1
9619,8
9621,6
9623,9
9626,1
9628,9
9631,7
9634,1
9639,2
9642,0
9645,1
9648,3
9649,5
9650,8
9651,7
9655,8
9660,6
9661,5
9662,1
9667,9
9669,8
9670,1
9671,7
9672,7
9674,9
9677,6
9680,8
9681,2
9682,7
9686,2
9687,1
9688,2
9689,9
9692,9
9693,6
9695,0
9698,7
9700,0
9701,4
9702,7
9705,6
9706,9
9708,9
9712,5
9713,8
9714,1
9715,4
9717,9
9718,9
9719,8
9720,8
9721,6
9723,7
9724,0
9725,8
9726,9
9728,2
9730,6
9733,7
9736,8
9739,1
9741,5
9742,9
9745,3
9747,0
9750,2
9754,9
9760,9
9763,1
9765,4
9766,0
9768,7
9769,8
9771,4
9773,9
9775,9
9782,2
9785,8
9788,1
9789,6
9790,8
9794,1
9796,9
9797,1
9799,7
9800,1
9802,0
9806,8
9807,1
9810,8
9811,1
9813,1
9814,8
9817,9
9821,4
9822,0
9825,2
9826,0
9828,9
9829,5
9830,1
9833,7
9834,8
9835,7
9839,3
9841,0
9843,1
9845,9
9846,8
9854,9
9861,6
9863,6
9865,1
9867,8
9869,7
9875,9
9876,0
9881,9
9885,8
9887,5
9889,8
9890,0
9893,2
9897,8
9899,7
9903,6
9904,0
9906,1
9908,8
9909,1
9915,2
9916,1
9920,6
9921,0
9927,9
9928,5
9929,8
9931,0
9932,8
9935,1
9936,8
9938,9
9939,5
9941,1
9942,7
9943,7
9944,7
9945,7
9946,0
9951,0
9952,5
9953,7
9955,8
9956,0
9963,8
9965,2
9966,6
9971,9
9974,1
9975,7
9976,5
9977,5
9980,0
9988,8
9990,7
9992,3
9997,5
9999,7
